fecha_observacion,hum_maximo,hum_media,hum_minimo,rad_maximo,rad_total,rain_total,temp_maximo,temp_media,temp_minimo,wsp_maximo,wsp_media,wsp_minimo,anio,mes,dia,dia_semana,dia_del_anyo,estacion_invierno,estacion_otono,estacion_primavera,estacion_verano
2025-01-01,87.2,75.26458,54.9,633.6,15798.9,0.0,16.4,12.355556,9.5,2.6,1.4819444,0.3,2025,1,1,2,1,True,False,False,False
2025-01-02,85.7,76.208336,57.7,671.4,14834.3,0.0,16.4,12.828472,10.4,2.3,1.1069444,0.0,2025,1,2,3,2,True,False,False,False
2025-01-03,84.7,70.474304,48.7,732.8,22179.8,0.0,18.8,13.140278,9.3,3.2,1.4222223,0.0,2025,1,3,4,3,True,False,False,False
2025-01-04,78.7,56.275,30.6,666.1,22167.7,0.0,17.6,13.934722,10.4,3.4,1.3930556,0.5,2025,1,4,5,4,True,False,False,False
2025-01-05,93.0,58.59375,31.0,698.6,21787.2,0.0,19.2,14.614583,10.1,2.4,1.50625,0.0,2025,1,5,6,5,True,False,False,False
2025-01-06,98.4,87.920135,62.1,575.1,14718.3,1.8,17.5,13.953472,11.5,2.4,1.1777778,0.0,2025,1,6,0,6,True,False,False,False
2025-01-07,94.4,83.571526,57.0,586.1,12990.8,0.0,18.8,13.731944,10.9,2.0,1.1069444,0.0,2025,1,7,1,7,True,False,False,False
2025-01-08,92.4,78.486115,61.7,800.6,18853.3,0.0,17.3,13.107639,10.0,3.0,1.5694444,0.2,2025,1,8,2,8,True,False,False,False
2025-01-09,66.7,47.24097,29.4,673.9,24894.5,0.0,19.9,13.836805,8.2,2.6,1.5493056,0.1,2025,1,9,3,9,True,False,False,False
2025-01-10,49.5,30.947222,21.4,681.0,25234.7,0.0,20.7,16.772917,13.5,4.9,2.1555555,0.2,2025,1,10,4,10,True,False,False,False
2025-01-11,36.4,24.10486,14.8,688.1,25470.7,0.0,22.7,18.180555,14.0,4.6,2.5951388,0.1,2025,1,11,5,11,True,False,False,False
2025-01-12,89.9,45.87847,14.5,688.2,25283.9,0.0,22.1,16.679861,11.1,4.6,1.7138889,0.5,2025,1,12,6,12,True,False,False,False
2025-01-13,99.1,89.49375,72.5,779.6,15829.3,0.5,16.3,13.758333,11.5,3.9,1.3597223,0.0,2025,1,13,0,13,True,False,False,False
2025-01-14,90.7,79.941666,55.4,721.6,23867.2,0.0,16.1,12.557639,10.0,3.2,1.6465278,0.3,2025,1,14,1,14,True,False,False,False
2025-01-15,89.6,70.36806,36.2,701.0,24814.1,0.0,17.3,13.170834,8.7,5.9,3.0680556,1.3,2025,1,15,2,15,True,False,False,False
2025-01-16,86.7,59.15486,32.7,681.0,24792.3,0.0,18.3,13.765972,10.2,3.9,2.0326388,0.3,2025,1,16,3,16,True,False,False,False
2025-01-17,86.9,69.74375,45.7,718.3,19289.2,0.0,15.2,11.70625,7.8,3.3,1.7138889,0.5,2025,1,17,4,17,True,False,False,False
2025-01-18,94.0,78.89861,62.8,658.4,15368.1,0.0,15.1,12.377084,9.9,2.5,1.2486111,0.1,2025,1,18,5,18,True,False,False,False
2025-01-19,94.7,77.615974,55.3,765.1,22704.1,0.0,17.6,13.295834,9.4,2.6,1.2090278,0.0,2025,1,19,6,19,True,False,False,False
2025-01-20,95.9,83.499306,64.4,591.3,14901.1,0.0,17.3,13.058333,10.7,1.9,1.1993055,0.1,2025,1,20,0,20,True,False,False,False
2025-01-21,94.0,83.91597,70.2,702.7,15335.2,0.1,18.4,13.973611,10.4,3.2,1.56875,0.2,2025,1,21,1,21,True,False,False,False
2025-01-22,97.5,86.969444,74.7,471.6,9077.8,11.5,15.9,12.35625,10.7,4.0,2.2090278,0.8,2025,1,22,2,22,True,False,False,False
2025-01-23,99.7,95.2382,87.1,470.7,8770.1,26.3,13.8,12.088889,10.8,3.3,1.6208333,0.5,2025,1,23,3,23,True,False,False,False
2025-01-24,100.0,98.3375,92.0,509.1,9764.7,10.5,14.5,12.729861,11.9,3.3,1.4763889,0.1,2025,1,24,4,24,True,False,False,False
2025-01-25,98.5,85.18403,65.1,752.9,24344.3,0.0,16.2,13.082639,11.0,2.3,1.1263889,0.0,2025,1,25,5,25,True,False,False,False
2025-01-26,98.2,88.39375,74.2,724.0,25243.3,0.0,18.3,13.838195,10.4,2.0,1.0958333,0.0,2025,1,26,6,26,True,False,False,False
2025-01-27,100.0,87.727776,55.0,771.0,20801.8,0.0,20.5,14.592361,10.4,2.2,1.2,0.0,2025,1,27,0,27,True,False,False,False
2025-01-28,100.0,89.548615,61.4,754.3,26863.0,1.4,20.0,14.834028,10.5,3.9,1.5277778,0.2,2025,1,28,1,28,True,False,False,False
2025-01-29,94.1,77.765976,33.1,769.7,22753.4,0.0,16.8,12.157639,8.5,2.7,1.3708333,0.1,2025,1,29,2,29,True,False,False,False
2025-01-30,99.0,86.13333,70.4,513.9,16672.2,0.4,14.4,12.809722,11.5,3.7,1.8277777,0.2,2025,1,30,3,30,True,False,False,False
2025-01-31,98.6,84.65,70.4,730.9,16775.0,1.0,14.2,12.1625,10.8,3.9,2.0527778,0.3,2025,1,31,4,31,True,False,False,False
2025-02-01,100.0,95.65417,81.8,726.4,15037.8,6.6,15.1,12.511111,11.1,3.2,1.5819445,0.2,2025,2,1,5,32,True,False,False,False
2025-02-02,100.0,98.67778,90.5,581.9,13101.1,15.8,14.6,12.534028,11.4,3.9,1.6020833,0.3,2025,2,2,6,33,True,False,False,False
2025-02-03,100.0,94.93264,80.7,423.7,11892.9,4.5,14.0,12.507639,11.7,3.2,1.4555556,0.2,2025,2,3,0,34,True,False,False,False
2025-02-04,92.0,82.234024,67.3,579.9,13222.8,0.1,14.3,12.309722,11.3,3.0,1.3305556,0.0,2025,2,4,1,35,True,False,False,False
2025-02-05,95.9,81.75764,63.5,879.6,19641.6,0.2,15.5,12.702084,11.2,3.5,1.5104166,0.1,2025,2,5,2,36,True,False,False,False
2025-02-06,96.3,82.02986,51.6,771.9,26755.7,0.0,18.1,13.291667,10.2,3.2,1.6513889,0.0,2025,2,6,3,37,True,False,False,False
2025-02-07,91.4,74.175,55.4,766.5,30080.9,0.0,18.1,12.8659725,8.5,3.2,1.6180556,0.3,2025,2,7,4,38,True,False,False,False
2025-02-08,88.2,63.035416,35.4,823.9,31169.6,0.0,17.6,12.372222,8.2,2.8,1.5625,0.1,2025,2,8,5,39,True,False,False,False
2025-02-09,88.3,74.910416,57.3,770.1,21282.3,0.0,16.1,11.36875,7.4,2.1,1.3583333,0.3,2025,2,9,6,40,True,False,False,False
2025-02-10,90.2,69.244446,49.3,802.0,31313.0,0.0,17.4,12.857639,9.0,2.2,1.3180555,0.1,2025,2,10,0,41,True,False,False,False
2025-02-11,98.1,87.7875,76.6,462.6,13906.2,0.0,15.5,12.288889,9.5,2.3,1.3263888,0.2,2025,2,11,1,42,True,False,False,False
2025-02-12,98.9,85.90278,69.2,826.2,24948.3,0.3,17.1,13.341666,10.1,3.8,1.5534723,0.1,2025,2,12,2,43,True,False,False,False
2025-02-13,93.3,81.78889,62.3,838.4,30817.0,0.0,18.6,12.70625,8.4,3.6,1.55,0.0,2025,2,13,3,44,True,False,False,False
2025-02-14,97.2,68.62986,41.6,820.5,31710.4,0.0,17.6,12.634722,8.4,2.9,1.59375,0.2,2025,2,14,4,45,True,False,False,False
2025-02-15,100.0,84.058334,32.1,865.7,19801.0,1.6,17.3,12.66875,9.1,4.9,2.2486112,0.5,2025,2,15,5,46,True,False,False,False
2025-02-16,100.0,84.06736,67.0,840.5,31235.4,0.0,16.7,12.020833,8.2,3.7,1.5173612,0.1,2025,2,16,6,47,True,False,False,False
2025-02-17,91.7,80.65833,59.9,834.0,22044.9,0.0,16.2,12.346528,9.0,2.8,1.4465277,0.3,2025,2,17,0,48,True,False,False,False
2025-02-18,100.0,90.45069,63.3,869.2,16371.3,11.5,15.3,13.394444,11.8,5.5,2.6083333,0.6,2025,2,18,1,49,True,False,False,False
2025-02-19,97.6,88.88333,73.0,812.6,25452.9,0.2,15.6,12.879167,11.3,3.2,1.3743056,0.2,2025,2,19,2,50,True,False,False,False
2025-02-20,98.4,84.97569,59.8,838.6,32516.4,0.1,18.1,13.742361,10.9,5.4,1.61875,0.0,2025,2,20,3,51,True,False,False,False
2025-02-21,99.1,88.218056,61.3,767.8,21928.5,0.0,15.6,12.490278,10.0,2.6,1.2569444,0.1,2025,2,21,4,52,True,False,False,False
2025-02-22,94.6,85.525,71.4,854.3,33298.2,0.0,17.8,13.665972,10.8,2.8,1.1006944,0.0,2025,2,22,5,53,True,False,False,False
2025-02-23,97.2,86.447914,71.2,878.4,33800.3,0.0,18.3,13.9597225,9.9,3.6,1.4138889,0.2,2025,2,23,6,54,True,False,False,False
2025-02-24,93.9,80.08056,40.0,866.4,35428.7,0.0,19.2,13.2590275,9.2,3.1,1.5833334,0.2,2025,2,24,0,55,True,False,False,False
2025-02-25,98.6,84.982635,61.9,860.9,34742.3,0.0,19.3,13.848611,9.5,2.4,1.20625,0.1,2025,2,25,1,56,True,False,False,False
2025-02-26,96.5,67.25486,18.8,869.2,35690.0,0.0,18.4,13.963195,9.3,3.5,1.4652778,0.0,2025,2,26,2,57,True,False,False,False
2025-02-27,98.6,87.34722,73.7,1013.5,20986.0,0.0,17.0,13.252778,9.7,2.9,1.5368055,0.3,2025,2,27,3,58,True,False,False,False
2025-02-28,100.0,91.71528,72.7,812.9,21442.1,12.1,14.9,12.381945,10.8,3.3,2.1423612,1.1,2025,2,28,4,59,True,False,False,False
2025-03-01,100.0,91.00833,72.7,774.4,21368.1,11.0,14.5,12.057639,10.7,3.5,1.61875,0.2,2025,3,1,5,60,False,False,True,False
2025-03-02,97.8,86.364586,69.0,425.1,10022.8,4.5,13.9,11.574306,10.1,2.1,0.9215278,0.0,2025,3,2,6,61,False,False,True,False
2025-03-03,100.0,86.638885,62.6,949.6,15951.0,5.3,15.1,11.552778,8.3,2.0,1.1777778,0.0,2025,3,3,0,62,False,False,True,False
2025-03-04,100.0,93.06458,63.5,804.1,16762.8,18.8,14.1,10.609028,9.2,3.0,1.4819444,0.2,2025,3,4,1,63,False,False,True,False
2025-03-05,98.1,81.12361,51.8,918.0,35043.2,0.7,15.4,11.55,7.9,3.3,1.9479166,0.6,2025,3,5,2,64,False,False,True,False
2025-03-06,99.8,83.91319,68.7,1095.0,26742.3,4.3,16.1,12.472222,10.4,3.5,2.020139,0.5,2025,3,6,3,65,False,False,True,False
2025-03-07,100.0,84.1757,56.0,903.0,26367.4,4.4,17.6,13.156944,9.8,4.6,2.4694445,0.8,2025,3,7,4,66,False,False,True,False
2025-03-08,100.0,97.594444,79.8,343.7,8047.3,38.1,12.6,11.484028,10.0,4.7,2.8145833,1.3,2025,3,8,5,67,False,False,True,False
2025-03-09,100.0,90.69861,72.1,948.0,28991.7,1.3,14.6,11.759722,9.7,4.6,3.2020833,1.3,2025,3,9,6,68,False,False,True,False
2025-03-10,97.7,86.048615,68.7,824.3,24050.6,0.4,15.7,12.98125,11.0,3.8,2.476389,1.5,2025,3,10,0,69,False,False,True,False
2025-03-11,95.9,75.59167,55.7,929.5,35162.1,0.1,17.5,14.021528,11.7,3.0,1.7854167,0.7,2025,3,11,1,70,False,False,True,False
2025-03-12,100.0,83.05,64.5,957.4,33880.0,0.0,19.7,14.970139,11.2,6.7,2.8243055,0.8,2025,3,12,2,71,False,False,True,False
2025-03-13,100.0,89.14375,69.5,961.4,28336.7,0.4,16.3,13.461111,11.1,6.6,3.5916667,1.8,2025,3,13,3,72,False,False,True,False
2025-03-14,99.6,83.50625,65.5,986.2,28377.9,1.7,14.9,11.964583,9.9,4.4,2.1909723,0.5,2025,3,14,4,73,False,False,True,False
2025-03-15,91.3,78.55972,62.9,1009.2,27114.9,0.0,15.9,12.013194,8.5,2.5,1.4277778,0.1,2025,3,15,5,74,False,False,True,False
2025-03-16,100.0,85.45208,62.5,931.7,36873.6,0.2,18.3,13.81875,9.1,3.1,1.8138889,0.2,2025,3,16,6,75,False,False,True,False
2025-03-17,100.0,86.27917,56.1,988.1,38516.4,10.7,16.4,13.416667,11.1,4.3,3.0152779,1.1,2025,3,17,0,76,False,False,True,False
2025-03-18,98.1,84.16319,63.3,954.9,27757.0,0.0,16.0,12.795139,9.4,2.5,1.5819445,0.5,2025,3,18,1,77,False,False,True,False
2025-03-19,97.1,74.96042,50.8,1023.8,38008.4,0.0,18.2,13.786111,8.9,7.8,3.2381945,0.9,2025,3,19,2,78,False,False,True,False
2025-03-20,100.0,97.615974,86.4,352.0,11439.2,17.7,14.1,13.041667,12.0,4.3,2.1576388,0.7,2025,3,20,3,79,False,False,True,False
2025-03-21,100.0,88.29444,68.4,1011.5,31056.7,3.8,14.8,12.408334,10.8,3.6,1.7333333,0.6,2025,3,21,4,80,False,False,True,False
2025-03-22,100.0,94.76111,82.2,402.9,12145.1,10.0,13.1,11.732639,10.7,5.1,2.7743056,0.7,2025,3,22,5,81,False,False,True,False
2025-03-23,98.2,87.025,75.4,696.1,12985.2,0.4,14.2,11.658334,10.4,4.3,2.43125,0.8,2025,3,23,6,82,False,False,True,False
2025-03-24,100.0,89.864586,72.1,893.2,16050.2,1.6,14.6,12.110416,11.2,4.9,2.2430556,0.7,2025,3,24,0,83,False,False,True,False
2025-03-25,100.0,94.2,72.3,747.7,19570.6,11.3,15.3,12.365278,11.1,4.0,2.0555556,0.7,2025,3,25,1,84,False,False,True,False
2025-03-26,100.0,85.558334,67.3,1122.0,30925.7,0.5,14.4,12.047222,10.4,4.0,2.104861,0.2,2025,3,26,2,85,False,False,True,False
2025-03-27,98.2,88.58681,72.7,912.0,19827.5,0.0,15.2,12.091666,9.5,4.0,2.0333333,0.2,2025,3,27,3,86,False,False,True,False
2025-03-28,96.9,87.155556,70.3,965.9,18454.2,1.0,15.9,12.465278,10.2,3.6,1.4291667,0.2,2025,3,28,4,87,False,False,True,False
2025-03-29,93.7,79.202774,59.0,1151.9,28468.3,0.0,17.9,13.572917,8.8,2.8,1.4506944,0.0,2025,3,29,5,88,False,False,True,False
2025-03-30,94.4,83.84167,68.2,922.6,21624.4,0.0,18.0,13.863194,10.4,3.3,1.4743055,0.2,2025,3,30,6,89,False,False,True,False
2025-03-31,100.0,89.16875,67.9,1058.3,29536.6,0.2,17.7,13.9909725,10.9,5.2,2.6027777,0.3,2025,3,31,0,90,False,False,True,False
2025-04-01,100.0,90.775,70.2,1011.1,21187.6,0.5,16.9,13.253472,11.3,3.3,2.1590278,0.8,2025,4,1,1,91,False,False,True,False
2025-04-02,100.0,95.78472,78.2,422.9,11644.7,26.8,13.8,10.897917,9.1,4.5,2.4916666,0.7,2025,4,2,2,92,False,False,True,False
2025-04-03,96.6,82.40972,58.9,1096.8,34229.2,0.1,17.4,12.7097225,8.0,8.0,3.5645833,0.3,2025,4,3,3,93,False,False,True,False
2025-04-04,97.5,84.20903,62.5,1023.8,27908.2,0.0,17.1,13.929861,10.8,3.0,1.3173611,0.0,2025,4,4,4,94,False,False,True,False
2025-04-05,99.2,85.175,62.4,1067.9,31931.1,0.0,18.4,14.085417,10.5,3.0,1.5888889,0.4,2025,4,5,5,95,False,False,True,False
2025-04-06,85.8,70.849304,50.1,1001.7,44841.1,0.0,19.4,15.390278,10.2,2.5,1.5472223,0.4,2025,4,6,6,96,False,False,True,False
2025-04-07,97.4,79.760414,57.5,1005.4,40938.8,0.0,21.5,15.799306,11.3,2.5,1.3118056,0.1,2025,4,7,0,97,False,False,True,False
2025-04-08,100.0,81.67083,35.9,1075.4,26037.4,11.3,19.3,15.068055,11.8,3.8,1.5041667,0.1,2025,4,8,1,98,False,False,True,False
2025-04-09,100.0,91.17778,75.6,1070.1,23023.3,13.6,16.8,13.720139,11.6,3.7,1.6972222,0.3,2025,4,9,2,99,False,False,True,False
2025-04-10,100.0,91.63333,73.3,799.9,17916.4,29.6,17.0,13.690278,11.9,3.6,1.5875,0.3,2025,4,10,3,100,False,False,True,False
2025-04-11,100.0,89.34375,71.5,928.5,28270.4,0.2,16.9,13.759722,10.5,3.0,1.73125,0.8,2025,4,11,4,101,False,False,True,False
2025-04-12,100.0,95.325,85.6,232.5,6820.3,23.0,13.6,12.533334,10.8,4.2,2.2770834,0.9,2025,4,12,5,102,False,False,True,False
2025-04-13,100.0,95.213196,79.9,976.4,24714.1,1.3,16.6,13.916667,12.1,3.4,2.03125,0.8,2025,4,13,6,103,False,False,True,False
2025-04-14,100.0,97.745834,88.8,405.5,9731.1,0.5,14.3,13.148611,12.1,4.2,1.7048612,0.3,2025,4,14,0,104,False,False,True,False
2025-04-15,100.0,89.62708,70.6,981.9,24627.9,0.2,16.6,13.367361,12.0,3.8,2.304861,0.8,2025,4,15,1,105,False,False,True,False
2025-04-16,99.4,87.349304,68.2,1070.8,30891.8,0.0,15.6,13.094444,11.1,3.4,1.6055555,0.3,2025,4,16,2,106,False,False,True,False
2025-04-17,100.0,93.084724,75.3,893.7,21865.3,0.2,16.2,13.4152775,12.1,3.0,1.4055556,0.0,2025,4,17,3,107,False,False,True,False
2025-04-18,100.0,92.475,82.4,715.4,23086.5,0.0,15.7,13.424306,11.7,3.0,1.4854167,0.4,2025,4,18,4,108,False,False,True,False
2025-04-19,100.0,92.286804,67.0,1085.3,30039.4,2.8,15.9,13.414583,12.1,5.1,2.9513888,0.6,2025,4,19,5,109,False,False,True,False
2025-04-20,100.0,92.25625,80.0,1030.2,17942.8,1.1,15.1,12.217361,11.1,4.1,1.8944445,0.3,2025,4,20,6,110,False,False,True,False
2025-04-21,100.0,92.031944,75.1,803.0,19106.5,2.5,14.6,12.396528,10.9,3.7,1.9138889,0.6,2025,4,21,0,111,False,False,True,False
2025-04-22,100.0,96.357635,83.1,722.3,17821.3,1.5,15.0,13.022917,11.7,3.7,1.9930556,0.5,2025,4,22,1,112,False,False,True,False
2025-04-23,99.5,88.772224,72.5,1103.4,29095.1,0.0,16.3,13.3840275,11.9,3.2,1.7027777,0.6,2025,4,23,2,113,False,False,True,False
2025-04-24,100.0,90.260414,70.4,919.2,29805.8,0.0,15.9,13.568055,11.4,3.7,1.7402778,0.2,2025,4,24,3,114,False,False,True,False
2025-04-25,100.0,92.37778,69.8,1263.9,26471.0,0.3,16.7,13.745833,12.2,3.7,2.0493054,0.4,2025,4,25,4,115,False,False,True,False
2025-04-26,97.0,88.369446,75.6,1015.8,27006.9,0.0,16.9,13.842361,12.2,3.4,1.6451389,0.2,2025,4,26,5,116,False,False,True,False
2025-04-27,97.5,91.40764,80.0,929.9,27780.9,0.0,16.7,13.450694,12.0,3.2,1.3319445,0.0,2025,4,27,6,117,False,False,True,False
2025-04-28,96.6,90.790276,82.6,426.9,15362.8,0.0,14.5,12.956944,11.6,2.9,1.2361112,0.3,2025,4,28,0,118,False,False,True,False
2025-04-29,100.0,91.107635,79.5,363.0,10509.2,9.4,13.1,11.879861,10.3,3.4,2.1840277,0.6,2025,4,29,1,119,False,False,True,False
2025-04-30,96.5,82.20556,67.4,1162.7,39223.9,1.2,15.5,11.894444,9.3,3.4,2.195139,1.1,2025,4,30,2,120,False,False,True,False
2025-05-01,100.0,90.17986,65.2,431.3,14441.3,0.7,15.2,13.209028,11.0,4.3,2.7652779,1.2,2025,5,1,3,121,False,False,True,False
2025-05-02,99.4,89.84375,76.1,1063.3,37627.1,0.0,16.7,13.867361,11.8,3.1,1.7944444,0.6,2025,5,2,4,122,False,False,True,False
2025-05-03,99.9,86.00694,64.5,1096.3,44100.4,0.0,18.6,14.420139,10.7,2.8,1.5597222,0.4,2025,5,3,5,123,False,False,True,False
2025-05-04,100.0,90.531944,70.1,1127.7,29905.6,0.0,17.7,14.2625,11.9,2.8,1.2604166,0.0,2025,5,4,6,124,False,False,True,False
2025-05-05,99.8,86.39861,69.6,818.2,29098.8,0.0,18.7,14.686111,11.7,3.2,1.1909722,0.0,2025,5,5,0,125,False,False,True,False
2025-05-06,98.4,84.59514,66.2,1080.7,39921.6,0.0,19.0,14.770833,11.6,4.2,1.71875,0.8,2025,5,6,1,126,False,False,True,False
2025-05-07,98.8,81.87153,60.0,1096.2,44398.9,0.0,19.4,15.598611,11.8,4.1,1.9368056,0.4,2025,5,7,2,127,False,False,True,False
2025-05-08,99.5,89.35,71.7,755.8,22942.0,0.7,18.1,15.426389,12.0,2.5,1.1798611,0.0,2025,5,8,3,128,False,False,True,False
2025-05-09,94.0,80.74653,53.7,881.4,30140.8,0.0,20.0,16.05139,12.3,2.6,1.3402778,0.3,2025,5,9,4,129,False,False,True,False
2025-05-10,95.9,86.19514,66.4,820.7,23720.6,0.0,19.0,15.221528,12.6,4.9,2.40625,0.4,2025,5,10,5,130,False,False,True,False
2025-05-11,100.0,91.197914,77.1,744.0,28304.1,0.2,17.8,15.061111,12.7,3.6,2.0743055,0.6,2025,5,11,6,131,False,False,True,False
2025-05-12,100.0,94.218056,79.1,1187.2,26106.5,1.8,17.9,14.88125,12.8,3.7,1.7625,0.5,2025,5,12,0,132,False,False,True,False
2025-05-13,100.0,96.322914,83.1,572.2,17534.9,3.5,15.5,13.664583,12.0,3.6,2.09375,0.6,2025,5,13,1,133,False,False,True,False
2025-05-14,96.7,85.68889,63.3,1128.9,41656.6,0.0,17.7,14.089583,10.6,3.0,1.5048611,0.2,2025,5,14,2,134,False,False,True,False
2025-05-15,97.3,85.34653,68.4,1141.3,45589.7,0.0,17.9,14.53125,10.4,3.9,1.6430556,0.2,2025,5,15,3,135,False,False,True,False
2025-05-16,98.5,85.785416,68.8,1145.2,35448.6,0.0,17.6,14.630555,12.0,3.2,1.6166667,0.0,2025,5,16,4,136,False,False,True,False
2025-05-17,96.4,80.475,63.9,1051.9,49779.6,0.0,18.7,15.317361,12.2,2.9,1.8541666,0.4,2025,5,17,5,137,False,False,True,False
2025-05-18,100.0,93.520836,81.3,475.1,14743.4,1.3,15.9,14.301389,13.4,3.5,1.5263889,0.2,2025,5,18,6,138,False,False,True,False
2025-05-19,98.9,86.73055,68.4,1224.8,42431.6,0.1,17.7,14.829166,13.2,3.5,1.8993056,0.3,2025,5,19,0,139,False,False,True,False
2025-05-20,100.0,87.438194,74.5,1064.2,32587.4,0.0,17.9,15.120833,13.6,3.2,1.5430555,0.1,2025,5,20,1,140,False,False,True,False
2025-05-21,99.5,90.303474,74.9,1207.8,36027.8,0.1,18.4,15.2125,12.7,2.8,1.4819444,0.3,2025,5,21,2,141,False,False,True,False
2025-05-22,100.0,96.548615,79.8,779.1,20666.7,1.0,17.5,15.169444,13.8,3.0,1.3819444,0.4,2025,5,22,3,142,False,False,True,False
2025-05-23,100.0,93.03611,73.3,1098.3,27024.9,1.1,18.7,15.207639,13.4,2.9,1.4513888,0.4,2025,5,23,4,143,False,False,True,False
2025-05-24,100.0,95.9625,77.6,1156.4,26599.7,3.1,18.2,15.008333,13.5,2.7,1.2034723,0.0,2025,5,24,5,144,False,False,True,False
2025-05-25,100.0,90.760414,79.2,952.9,28858.3,0.0,18.4,15.635417,13.4,2.9,1.1798611,0.0,2025,5,25,6,145,False,False,True,False
2025-05-26,100.0,91.80903,78.9,876.5,27624.1,0.0,18.7,15.645139,13.5,2.6,1.1034722,0.0,2025,5,26,0,146,False,False,True,False
2025-05-27,100.0,95.01458,83.6,640.9,16972.6,0.0,17.4,15.040972,13.9,2.3,1.1798611,0.1,2025,5,27,1,147,False,False,True,False
2025-05-28,99.6,92.38958,79.2,676.7,21742.7,0.0,17.3,14.744445,13.4,2.6,1.2965277,0.2,2025,5,28,2,148,False,False,True,False
2025-05-29,96.8,89.9875,74.9,1088.4,38921.3,0.0,19.1,15.566667,13.6,2.3,1.1215278,0.1,2025,5,29,3,149,False,False,True,False
2025-05-30,99.0,90.34514,76.2,1164.2,46637.4,0.0,19.9,15.997916,13.6,2.4,1.0006944,0.0,2025,5,30,4,150,False,False,True,False
2025-05-31,100.0,93.4257,80.1,1165.1,36617.1,0.0,19.3,15.842361,13.9,2.4,1.0701389,0.1,2025,5,31,5,151,False,False,True,False
2025-06-01,100.0,95.375,84.1,632.6,20706.2,0.0,18.1,15.403472,13.9,2.3,1.00625,0.0,2025,6,1,6,152,False,False,False,True
2025-06-02,100.0,92.07708,74.3,1122.8,32447.7,0.0,19.3,15.5847225,13.9,2.8,1.2590277,0.0,2025,6,2,0,153,False,False,False,True
2025-06-03,99.9,88.197914,67.0,1034.6,42876.4,0.0,20.3,15.959028,13.9,3.8,1.7305555,0.0,2025,6,3,1,154,False,False,False,True
2025-06-04,100.0,88.47222,67.6,1063.0,36175.9,0.0,18.6,15.3375,13.2,3.3,1.4520833,0.1,2025,6,4,2,155,False,False,False,True
2025-06-05,100.0,88.982635,69.6,1124.1,40857.2,0.0,19.8,16.166666,12.8,3.0,1.4423611,0.4,2025,6,5,3,156,False,False,False,True
2025-06-06,100.0,90.888885,73.1,1106.5,44063.3,2.1,19.7,16.21875,14.3,2.5,1.4493055,0.2,2025,6,6,4,157,False,False,False,True
2025-06-07,100.0,95.650696,87.5,422.6,13153.2,0.0,16.8,15.283334,14.4,2.2,1.0416666,0.1,2025,6,7,5,158,False,False,False,True
2025-06-08,100.0,86.50694,68.5,1042.4,33196.7,0.0,19.6,16.170834,14.2,2.3,1.1854167,0.1,2025,6,8,6,159,False,False,False,True
2025-06-09,99.6,85.380554,62.8,1190.4,34939.9,0.0,20.2,16.476389,14.1,2.9,1.5652778,0.1,2025,6,9,0,160,False,False,False,True
2025-06-10,99.8,85.37222,68.7,1245.5,38866.1,0.0,20.1,16.438194,13.2,3.1,1.4944445,0.2,2025,6,10,1,161,False,False,False,True
2025-06-11,99.6,89.53819,68.8,1167.9,34397.2,0.0,20.4,16.504862,13.2,2.7,1.2861111,0.0,2025,6,11,2,162,False,False,False,True
2025-06-12,100.0,88.327774,67.6,1241.6,39995.1,0.0,20.0,16.720833,14.1,3.1,1.4805555,0.0,2025,6,12,3,163,False,False,False,True
2025-06-13,100.0,91.46667,71.4,1062.6,28001.8,2.5,20.1,16.784027,14.3,2.7,1.2277777,0.2,2025,6,13,4,164,False,False,False,True
2025-06-14,100.0,95.693054,83.4,850.3,23993.2,0.5,19.1,16.647917,15.0,2.8,1.36875,0.2,2025,6,14,5,165,False,False,False,True
2025-06-15,99.9,88.64514,70.4,1205.6,34845.9,0.3,19.0,16.242361,14.6,4.0,2.1354167,0.5,2025,6,15,6,166,False,False,False,True
2025-06-16,100.0,90.8243,77.6,597.8,20984.8,0.0,18.5,15.904166,14.1,2.9,1.2326388,0.0,2025,6,16,0,167,False,False,False,True
2025-06-17,98.8,85.82361,68.9,1129.9,38147.1,0.0,20.4,16.657639,13.9,2.9,1.2659723,0.2,2025,6,17,1,168,False,False,False,True
2025-06-18,100.0,85.504166,58.6,1138.6,47649.6,0.0,20.9,17.149305,14.1,2.8,1.50625,0.5,2025,6,18,2,169,False,False,False,True
2025-06-19,99.1,83.36181,58.6,1086.3,49872.0,0.0,21.5,17.343056,14.3,2.9,1.6236111,0.5,2025,6,19,3,170,False,False,False,True
2025-06-20,98.6,82.803474,61.9,1094.9,45269.2,0.0,20.8,17.257639,14.6,2.8,1.5451388,0.0,2025,6,20,4,171,False,False,False,True
2025-06-21,100.0,94.93472,85.2,745.3,15632.2,0.3,19.7,16.540972,14.3,2.9,1.5319444,0.6,2025,6,21,5,172,False,False,False,True
2025-06-22,100.0,91.64445,77.2,859.9,30604.4,0.1,19.6,16.67639,14.3,3.3,1.6618055,0.4,2025,6,22,6,173,False,False,False,True
2025-06-23,100.0,90.05764,69.1,1209.7,37302.4,0.5,20.1,16.736805,15.1,3.1,1.7222222,0.6,2025,6,23,0,174,False,False,False,True
2025-06-24,100.0,89.066666,69.2,1171.9,35076.9,0.0,19.8,16.766666,14.9,2.7,1.5666667,0.6,2025,6,24,1,175,False,False,False,True
2025-06-25,97.9,89.23055,70.9,1156.8,33386.4,0.0,21.1,17.364584,15.6,3.1,1.3597223,0.1,2025,6,25,2,176,False,False,False,True
2025-06-26,100.0,89.244446,74.9,1105.7,32491.2,0.0,20.3,17.27014,15.5,2.9,1.3326389,0.1,2025,6,26,3,177,False,False,False,True
2025-06-27,98.3,91.41944,79.6,1162.3,33411.8,0.0,21.2,17.645834,15.6,2.4,1.0652778,0.0,2025,6,27,4,178,False,False,False,True
2025-06-28,100.0,81.12014,38.0,1041.5,50603.5,0.0,24.0,19.747917,15.9,2.3,0.9986111,0.0,2025,6,28,5,179,False,False,False,True
2025-06-29,100.0,88.99792,42.1,1072.3,48601.6,0.0,23.6,18.41875,14.5,2.0,0.8972222,0.0,2025,6,29,6,180,False,False,False,True
2025-06-30,100.0,91.83125,75.3,1106.2,36488.6,0.0,21.2,17.322916,14.3,2.7,1.2604166,0.3,2025,6,30,0,181,False,False,False,True
2025-07-01,98.7,89.852776,73.4,1023.6,19603.9,0.0,20.6,17.385416,16.1,2.8,1.5423611,0.6,2025,7,1,1,182,False,False,False,True
2025-07-02,100.0,96.505554,86.7,488.2,13779.7,1.1,18.6,16.75,15.9,2.5,1.3326389,0.3,2025,7,2,2,183,False,False,False,True
2025-07-03,100.0,94.95069,78.2,1038.0,32013.7,0.3,21.9,17.33125,15.4,2.5,1.1534722,0.3,2025,7,3,3,184,False,False,False,True
2025-07-04,100.0,90.64653,73.6,1089.6,46883.8,0.0,23.5,18.563889,15.1,2.2,0.95416665,0.0,2025,7,4,4,185,False,False,False,True
2025-07-05,100.0,86.59167,62.3,1048.0,51100.8,0.1,24.9,18.725695,14.9,2.3,1.1423612,0.0,2025,7,5,5,186,False,False,False,True
2025-07-06,100.0,97.58889,89.0,593.4,10955.9,0.5,19.0,16.606945,15.5,2.8,1.6645833,0.8,2025,7,6,6,187,False,False,False,True
2025-07-07,100.0,90.602776,75.3,957.6,28461.9,0.4,19.5,16.648611,14.7,2.8,1.4111111,0.3,2025,7,7,0,188,False,False,False,True
2025-07-08,100.0,96.02431,82.7,931.7,27558.5,0.8,21.9,17.99375,16.1,2.0,0.89513886,0.1,2025,7,8,1,189,False,False,False,True
2025-07-09,100.0,94.022224,79.0,1040.5,32839.4,2.0,21.0,17.564583,15.6,2.2,0.9916667,0.0,2025,7,9,2,190,False,False,False,True
2025-07-10,100.0,96.229164,84.0,984.5,29088.6,0.4,20.3,17.10486,15.4,2.2,0.7986111,0.0,2025,7,10,3,191,False,False,False,True
2025-07-11,100.0,95.58195,82.7,1050.3,24511.6,0.0,20.0,16.846527,15.2,2.2,0.7652778,0.0,2025,7,11,4,192,False,False,False,True
2025-07-12,98.7,89.48681,73.5,1017.9,31768.0,0.0,20.3,17.14375,15.4,3.0,1.4902778,0.0,2025,7,12,5,193,False,False,False,True
2025-07-13,99.4,87.03125,67.8,1014.5,30536.2,0.0,20.8,17.419445,15.0,3.0,1.61875,0.5,2025,7,13,6,194,False,False,False,True
2025-07-14,100.0,87.30764,71.5,1068.6,47382.5,0.0,21.8,18.011806,14.6,2.7,1.3340278,0.1,2025,7,14,0,195,False,False,False,True
2025-07-15,100.0,79.00764,38.4,982.3,47290.0,0.0,26.1,20.590973,13.8,1.7,0.8854167,0.1,2025,7,15,1,196,False,False,False,True
2025-07-16,73.7,32.25486,17.8,976.0,46451.6,0.0,36.4,29.781944,23.5,4.1,1.8784722,0.0,2025,7,16,2,197,False,False,False,True
2025-07-17,37.4,19.035418,9.2,970.8,45794.6,0.0,34.2,28.304861,23.4,2.4,1.3798611,0.3,2025,7,17,3,198,False,False,False,True
2025-07-18,52.7,27.025,12.9,1000.4,48542.1,0.0,29.0,24.658333,18.1,2.3,1.1659722,0.2,2025,7,18,4,199,False,False,False,True
2025-07-19,96.8,78.94444,27.0,1088.6,36354.3,0.0,21.1,18.379862,16.5,3.0,1.5583333,0.1,2025,7,19,5,200,False,False,False,True
2025-07-20,100.0,88.10486,65.2,1240.5,32628.0,0.2,22.0,18.247917,16.3,3.0,1.6444445,0.4,2025,7,20,6,201,False,False,False,True
2025-07-21,98.9,91.51667,69.8,979.9,23986.4,0.2,22.3,18.138195,15.8,2.7,1.1729167,0.2,2025,7,21,0,202,False,False,False,True
2025-07-22,100.0,88.04931,70.5,1170.2,36998.3,0.3,21.4,18.192362,16.3,3.1,1.4701389,0.3,2025,7,22,1,203,False,False,False,True
2025-07-23,100.0,95.85208,80.1,1083.8,24450.8,7.2,21.0,18.011806,16.5,2.9,1.5513889,0.7,2025,7,23,2,204,False,False,False,True
2025-07-24,100.0,96.767365,83.4,690.2,20901.2,14.1,19.6,17.743055,16.0,3.0,1.7263889,0.8,2025,7,24,3,205,False,False,False,True
2025-07-25,100.0,91.145836,74.5,923.4,28819.1,0.0,20.9,17.605556,15.2,2.5,1.3020834,0.1,2025,7,25,4,206,False,False,False,True
2025-07-26,99.2,82.89792,70.2,1044.1,50569.5,0.0,23.0,19.110416,15.1,1.9,0.94305557,0.0,2025,7,26,5,207,False,False,False,True
2025-07-27,82.2,63.1875,22.5,1004.4,45861.4,0.0,26.3,21.519444,15.5,1.7,1.0319444,0.1,2025,7,27,6,208,False,False,False,True
2025-07-28,84.2,48.763195,21.0,1017.7,47511.6,0.0,27.5,23.802084,18.0,2.0,1.0652778,0.0,2025,7,28,0,209,False,False,False,True
2025-07-29,99.2,55.716667,18.3,1018.2,48698.3,0.0,29.0,23.67639,17.2,1.9,1.0263889,0.0,2025,7,29,1,210,False,False,False,True
2025-07-30,100.0,91.83403,77.0,972.8,30797.7,0.0,21.9,18.666666,16.7,1.9,0.9916667,0.0,2025,7,30,2,211,False,False,False,True
2025-07-31,100.0,82.173615,60.9,1086.6,44762.7,0.0,22.6,19.11875,15.6,2.7,1.8076389,1.0,2025,7,31,3,212,False,False,False,True
2025-08-01,100.0,92.89931,75.8,1073.2,21431.6,0.0,22.3,18.531944,16.7,3.1,2.1256945,1.1,2025,8,1,4,213,False,False,False,True
2025-08-02,100.0,98.52847,88.4,375.3,9789.6,0.0,19.5,17.946527,17.2,3.3,1.6152778,0.7,2025,8,2,5,214,False,False,False,True
2025-08-03,100.0,91.6125,72.7,899.3,20484.0,0.0,21.4,17.858334,15.9,2.2,1.2333333,0.0,2025,8,3,6,215,False,False,False,True
2025-08-04,98.5,88.232635,72.1,1098.8,33723.7,0.0,21.3,17.82361,14.9,2.6,1.0701389,0.0,2025,8,4,0,216,False,False,False,True
2025-08-05,100.0,89.155556,74.0,1032.0,45433.3,0.0,23.4,18.893055,15.8,2.3,0.95555556,0.0,2025,8,5,1,217,False,False,False,True
2025-08-06,100.0,74.00139,22.3,1024.8,43482.8,0.0,28.0,21.3625,14.1,2.5,0.97152776,0.0,2025,8,6,2,218,False,False,False,True
2025-08-07,64.0,32.827778,7.7,992.3,46815.2,0.0,33.3,25.900694,22.5,2.2,1.41875,0.0,2025,8,7,3,219,False,False,False,True
2025-08-08,80.6,39.224304,11.7,1006.4,41547.6,0.0,29.6,25.565971,22.6,2.6,1.2520833,0.1,2025,8,8,4,220,False,False,False,True
2025-08-09,81.6,46.499306,10.9,953.2,44461.1,0.0,29.9,25.952778,23.4,5.3,2.067361,0.4,2025,8,9,5,221,False,False,False,True
2025-08-10,85.5,46.990276,18.1,985.6,45071.7,0.0,36.0,27.817362,22.2,3.6,1.55625,0.0,2025,8,10,6,222,False,False,False,True
2025-08-11,98.4,49.29375,23.2,1072.2,39534.3,0.0,33.2,26.22986,18.4,1.7,0.9513889,0.0,2025,8,11,0,223,False,False,False,True
2025-08-12,98.5,53.40278,17.4,955.8,43948.5,0.0,30.5,24.197222,18.1,1.8,1.0840278,0.0,2025,8,12,1,224,False,False,False,True
2025-08-13,98.9,67.35625,25.9,975.2,44580.6,0.0,26.6,21.91736,17.8,1.9,1.1180556,0.1,2025,8,13,2,225,False,False,False,True
2025-08-14,99.9,89.89375,72.8,1015.8,37455.9,0.0,22.7,18.990973,16.9,2.2,0.91805553,0.0,2025,8,14,3,226,False,False,False,True
2025-08-15,99.6,90.843056,79.1,867.1,26260.1,0.0,21.5,18.639584,16.2,2.8,1.1958333,0.0,2025,8,15,4,227,False,False,False,True
2025-08-16,100.0,94.347916,79.2,873.6,27754.0,0.0,23.1,19.26389,17.2,1.9,0.66875,0.0,2025,8,16,5,228,False,False,False,True
2025-08-17,100.0,71.88333,27.9,919.9,39274.6,0.0,25.9,21.504862,17.5,1.9,0.81458336,0.0,2025,8,17,6,229,False,False,False,True
2025-08-18,90.6,61.127777,28.4,941.0,43281.1,0.0,26.7,22.26111,17.7,2.0,1.16875,0.2,2025,8,18,0,230,False,False,False,True
2025-08-19,97.3,88.477776,62.0,952.2,40591.8,0.0,23.5,19.57639,16.8,2.3,1.0958333,0.0,2025,8,19,1,231,False,False,False,True
2025-08-20,96.9,89.53333,73.8,1129.8,28450.5,0.0,22.5,18.817362,17.3,2.8,1.25,0.1,2025,8,20,2,232,False,False,False,True
2025-08-21,97.3,87.45764,65.3,988.0,39170.6,0.0,22.6,19.254862,16.3,2.6,1.1111112,0.0,2025,8,21,3,233,False,False,False,True
2025-08-22,98.6,76.40764,32.8,928.9,41135.4,0.0,25.4,20.529861,15.9,2.0,0.97291666,0.0,2025,8,22,4,234,False,False,False,True
2025-08-23,97.9,74.12153,44.4,943.6,42770.2,0.0,25.8,20.617361,16.6,2.3,0.8,0.0,2025,8,23,5,235,False,False,False,True
2025-08-24,97.5,85.21875,49.1,960.9,44714.5,0.0,23.0,19.18125,15.9,2.5,1.1611111,0.0,2025,8,24,6,236,False,False,False,True
2025-08-25,97.9,86.66597,69.1,991.0,38467.1,0.0,22.7,19.415277,17.3,2.9,1.4555556,0.0,2025,8,25,0,237,False,False,False,True
2025-08-26,100.0,92.22708,69.7,1047.2,34494.9,7.8,22.1,19.372223,17.8,3.4,1.8430556,0.4,2025,8,26,1,238,False,False,False,True
2025-08-27,100.0,91.44028,70.4,1091.9,30689.3,1.5,23.3,19.347918,16.9,3.4,1.2513889,0.0,2025,8,27,2,239,False,False,False,True
2025-08-28,100.0,90.15833,67.9,1043.3,26933.0,1.5,21.7,18.429167,16.5,3.1,1.4152777,0.0,2025,8,28,3,240,False,False,False,True
2025-08-29,98.8,87.821526,67.8,1066.8,41426.8,0.0,23.0,18.93125,16.2,3.3,1.4916667,0.2,2025,8,29,4,241,False,False,False,True
2025-08-30,99.9,85.520836,74.6,799.5,25040.4,0.1,21.1,18.5,16.7,2.4,1.3590277,0.3,2025,8,30,5,242,False,False,False,True
2025-08-31,100.0,95.120834,80.5,683.1,19487.5,0.5,21.6,18.555555,17.2,2.6,1.3416667,0.1,2025,8,31,6,243,False,False,False,True
2025-09-01,100.0,94.175,74.3,1102.4,23939.1,5.4,20.6,17.908333,16.7,4.4,1.9402778,0.5,2025,9,1,0,244,False,True,False,False
2025-09-02,98.7,88.443054,71.2,921.7,22610.0,0.2,20.4,17.538195,16.0,3.1,1.5229167,0.1,2025,9,2,1,245,False,True,False,False
2025-09-03,99.1,87.994446,72.9,1097.3,35548.8,0.1,21.4,18.013195,15.9,2.8,1.3020834,0.1,2025,9,3,2,246,False,True,False,False
2025-09-04,99.4,91.063194,75.5,969.9,26330.4,0.1,21.8,18.49375,16.3,2.7,1.225,0.0,2025,9,4,3,247,False,True,False,False
2025-09-05,99.2,91.558334,79.5,1116.5,30419.5,0.0,21.3,18.48889,16.8,2.4,1.0222223,0.1,2025,9,5,4,248,False,True,False,False
2025-09-06,97.8,89.17778,77.1,1083.2,35558.8,0.0,21.6,18.649305,15.1,2.3,0.9076389,0.0,2025,9,6,5,249,False,True,False,False
2025-09-07,96.5,67.40903,22.1,918.5,33679.5,0.0,23.1,20.01736,14.9,1.9,1.0013889,0.2,2025,9,7,6,250,False,True,False,False
2025-09-08,97.1,79.770836,42.0,886.0,31628.1,0.0,23.7,19.90625,16.9,2.3,0.9326389,0.0,2025,9,8,0,251,False,True,False,False
2025-09-09,100.0,91.34375,76.0,513.8,15480.0,0.9,19.8,17.76875,15.8,4.2,1.6743056,0.0,2025,9,9,1,252,False,True,False,False
2025-09-10,99.6,87.727776,70.6,955.1,23236.9,1.0,20.6,17.290972,14.8,3.2,1.4993056,0.2,2025,9,10,2,253,False,True,False,False
2025-09-11,100.0,95.05625,79.3,732.6,17922.2,3.1,20.3,18.026388,16.5,2.4,1.3347223,0.3,2025,9,11,3,254,False,True,False,False
2025-09-12,100.0,95.03403,81.9,675.0,19333.8,0.8,21.4,18.403473,16.7,2.2,1.0541667,0.0,2025,9,12,4,255,False,True,False,False
2025-09-13,99.6,93.13194,82.1,1038.2,34796.3,0.0,22.9,19.26111,17.1,2.4,1.0493056,0.0,2025,9,13,5,256,False,True,False,False
2025-09-14,100.0,94.732635,84.3,698.8,22146.3,0.0,21.6,19.110416,17.7,1.8,0.89375,0.1,2025,9,14,6,257,False,True,False,False
2025-09-15,99.7,86.38333,27.4,1103.9,30421.7,0.0,25.1,19.996529,16.4,4.6,1.33125,0.0,2025,9,15,0,258,False,True,False,False
2025-09-16,44.0,29.570833,22.9,908.7,38809.3,0.0,33.3,28.340279,22.8,4.7,2.9069445,1.0,2025,9,16,1,259,False,True,False,False
2025-09-17,55.7,41.92361,31.3,825.6,33402.4,0.0,33.8,27.752777,24.7,3.9,2.2256944,0.5,2025,9,17,2,260,False,True,False,False
2025-09-18,53.6,45.29514,33.2,865.4,29788.7,0.0,32.7,27.48264,23.5,2.2,1.3041667,0.4,2025,9,18,3,261,False,True,False,False
2025-09-19,52.4,40.585415,29.0,861.4,34360.6,0.0,31.6,27.049305,23.3,2.6,1.3979167,0.0,2025,9,19,4,262,False,True,False,False
2025-09-20,54.6,43.477085,35.1,918.0,32343.6,0.0,30.1,25.722221,22.6,3.3,1.6152778,0.5,2025,9,20,5,263,False,True,False,False
2025-09-21,98.0,79.609024,46.4,823.9,23214.1,0.0,23.7,21.031944,17.7,3.0,1.51875,0.1,2025,9,21,6,264,False,True,False,False
2025-09-22,98.2,90.397224,70.9,1050.2,25112.7,0.0,21.2,18.170834,16.7,3.0,1.4847223,0.2,2025,9,22,0,265,False,True,False,False
2025-09-23,99.1,88.49722,68.0,887.3,26900.0,0.4,19.9,17.041666,14.9,3.3,1.5020833,0.2,2025,9,23,1,266,False,True,False,False
2025-09-24,100.0,90.21667,69.2,858.9,21581.5,2.7,19.8,16.355556,14.2,2.9,1.2631944,0.2,2025,9,24,2,267,False,True,False,False
2025-09-25,95.8,83.08611,60.1,1031.2,26762.6,0.3,20.8,16.836805,13.4,2.6,1.0145833,0.0,2025,9,25,3,268,False,True,False,False
2025-09-26,96.3,84.77361,68.7,943.5,39142.6,0.0,21.1,16.710417,12.9,2.4,1.2597222,0.0,2025,9,26,4,269,False,True,False,False
2025-09-27,96.9,80.847916,56.5,928.3,40206.0,0.0,22.8,17.744444,12.4,2.2,1.0513889,0.3,2025,9,27,5,270,False,True,False,False
2025-09-28,100.0,92.10486,64.0,844.5,17617.1,3.8,23.5,17.789583,14.8,2.9,1.5548611,0.1,2025,9,28,6,271,False,True,False,False
2025-09-29,100.0,92.849304,75.6,813.6,18499.9,1.8,19.6,16.713194,15.0,3.4,1.4090278,0.5,2025,9,29,0,272,False,True,False,False
2025-09-30,100.0,90.02153,75.2,761.9,18096.0,0.4,19.5,16.563194,14.3,3.5,1.4895834,0.1,2025,9,30,1,273,False,True,False,False
2025-10-01,96.4,83.245834,65.0,981.1,25567.9,0.0,21.9,17.36875,13.6,3.0,1.2965277,0.0,2025,10,1,2,274,False,True,False,False
2025-10-02,98.2,84.62361,66.4,981.6,26480.0,0.0,22.5,17.825,13.9,3.6,1.4965278,0.1,2025,10,2,3,275,False,True,False,False
2025-10-03,94.7,80.986115,65.5,872.1,36340.2,0.0,24.4,18.977083,14.4,1.8,1.0826389,0.1,2025,10,3,4,276,False,True,False,False
2025-10-04,97.0,78.463196,38.5,863.0,36163.8,0.0,24.5,19.254862,15.2,2.3,1.0125,0.1,2025,10,4,5,277,False,True,False,False
2025-10-05,99.8,88.66319,70.9,880.3,33205.9,0.0,20.8,17.6,15.5,2.5,1.0770833,0.1,2025,10,5,6,278,False,True,False,False
2025-10-06,98.2,86.902084,72.0,1005.7,29797.4,0.0,21.6,17.772917,15.5,2.9,1.2118056,0.0,2025,10,6,0,279,False,True,False,False
2025-10-07,98.1,90.20208,77.0,864.6,21192.5,0.0,20.3,17.493055,16.1,2.8,1.3354167,0.1,2025,10,7,1,280,False,True,False,False
2025-10-08,98.9,88.23889,71.5,865.7,35246.6,0.0,22.7,18.497223,14.7,2.1,0.9465278,0.2,2025,10,8,2,281,False,True,False,False
2025-10-09,99.1,87.57917,68.7,863.8,35449.1,0.0,23.6,17.64236,13.4,2.5,1.0701389,0.0,2025,10,9,3,282,False,True,False,False
2025-10-10,97.0,84.225,69.7,925.7,27379.8,0.0,20.4,17.261806,15.4,3.3,1.4256945,0.0,2025,10,10,4,283,False,True,False,False
2025-10-11,98.8,82.85555,64.3,880.2,19276.7,0.0,20.2,17.05625,15.2,3.2,1.4965278,0.1,2025,10,11,5,284,False,True,False,False
2025-10-12,100.0,92.00694,69.4,895.4,19091.9,0.0,19.9,17.000694,14.9,2.4,1.0569445,0.1,2025,10,12,6,285,False,True,False,False
2025-10-13,99.7,87.522224,65.2,839.4,17926.7,0.0,21.0,17.070833,13.9,2.5,1.0215278,0.1,2025,10,13,0,286,False,True,False,False
2025-10-14,95.2,77.85555,53.0,896.4,31994.1,0.0,22.3,16.991667,12.8,2.4,1.2694445,0.5,2025,10,14,1,287,False,True,False,False
2025-10-15,95.8,80.575,63.3,818.5,19267.7,0.1,21.2,16.899305,13.5,1.7,0.9298611,0.1,2025,10,15,2,288,False,True,False,False
2025-10-16,94.3,79.58125,50.3,790.8,23549.8,0.0,23.4,18.175694,14.5,1.9,1.0006944,0.1,2025,10,16,3,289,False,True,False,False
2025-10-17,100.0,87.666664,66.2,866.7,20143.5,0.2,23.4,20.13125,17.3,3.2,1.3819444,0.2,2025,10,17,4,290,False,True,False,False
2025-10-18,100.0,99.81111,95.9,352.8,9474.2,10.0,20.3,18.975,18.0,1.7,0.7895833,0.0,2025,10,18,5,291,False,True,False,False
2025-10-19,100.0,93.52014,77.2,957.0,23909.6,0.1,21.3,17.83264,14.6,2.1,0.9131944,0.0,2025,10,19,6,292,False,True,False,False
2025-10-20,100.0,97.202774,85.4,702.3,17137.1,0.6,21.0,18.118055,15.9,1.9,0.6958333,0.0,2025,10,20,0,293,False,True,False,False
2025-10-21,100.0,92.8,77.8,779.6,23974.5,0.5,22.4,18.91875,16.7,2.1,0.81875,0.0,2025,10,21,1,294,False,True,False,False
2025-10-22,98.5,86.010414,67.4,840.4,33042.0,0.0,23.7,19.411806,16.9,4.6,2.004861,0.0,2025,10,22,2,295,False,True,False,False
2025-10-23,100.0,94.02639,81.7,475.8,11238.9,0.1,20.6,18.186111,17.0,2.3,0.8833333,0.0,2025,10,23,3,296,False,True,False,False
2025-10-24,100.0,92.17083,66.2,1011.7,20917.7,1.7,22.6,18.038889,15.7,2.2,0.9048611,0.0,2025,10,24,4,297,False,True,False,False
2025-10-25,99.3,86.57014,66.5,802.9,27319.5,0.0,22.0,18.039583,14.9,1.8,1.0888889,0.0,2025,10,25,5,298,False,True,False,False
2025-10-26,98.7,79.754166,61.9,934.7,28160.5,0.0,25.5,19.125,15.8,2.1,1.0791667,0.0,2025,10,26,6,299,False,True,False,False
2025-10-27,96.0,76.708336,61.9,781.1,24205.4,0.0,24.6,19.678473,15.7,1.9,0.9375,0.0,2025,10,27,0,300,False,True,False,False
2025-10-28,96.5,87.102776,68.7,793.8,24087.1,0.0,22.1,18.61875,15.9,4.8,2.2048612,0.6,2025,10,28,1,301,False,True,False,False
2025-10-29,100.0,88.224304,75.3,665.5,17742.4,0.2,20.1,17.502083,15.5,3.8,2.0,0.4,2025,10,29,2,302,False,True,False,False
2025-10-30,98.9,90.291664,70.0,716.3,12009.2,0.3,20.7,16.618055,14.3,1.9,0.9673611,0.0,2025,10,30,3,303,False,True,False,False
2025-10-31,94.4,85.66111,66.7,536.8,13884.5,0.0,21.2,16.377083,13.3,1.8,1.1423612,0.1,2025,10,31,4,304,False,True,False,False
2025-11-01,89.2,76.175,45.1,781.9,28181.0,0.0,23.4,18.11389,14.0,2.5,1.3055556,0.1,2025,11,1,5,305,False,True,False,False
2025-11-02,48.5,32.609028,20.3,742.9,28506.4,0.0,31.0,24.195833,17.5,3.1,1.4444444,0.0,2025,11,2,6,306,False,True,False,False
2025-11-03,43.0,26.859722,17.7,752.3,24482.3,0.0,31.9,25.92014,20.8,2.3,1.5291667,0.0,2025,11,3,0,307,False,True,False,False
2025-11-04,71.3,31.95486,16.2,739.1,28483.0,0.0,32.8,24.539583,19.9,2.5,1.5763888,0.1,2025,11,4,1,308,False,True,False,False
2025-11-05,98.6,75.510414,27.9,747.3,21538.2,0.0,23.1,19.833334,16.5,2.5,1.2173611,0.0,2025,11,5,2,309,False,True,False,False
2025-11-06,100.0,92.89375,76.8,382.3,10351.8,0.2,18.8,16.836111,14.9,3.5,1.2923611,0.1,2025,11,6,3,310,False,True,False,False
2025-11-07,95.4,87.556946,71.3,900.1,21223.8,0.0,19.0,16.115973,14.3,2.8,1.1430556,0.1,2025,11,7,4,311,False,True,False,False
2025-11-08,100.0,92.98194,75.4,753.2,13840.8,6.5,19.6,16.597918,13.5,2.3,1.0680555,0.0,2025,11,8,5,312,False,True,False,False
2025-11-09,100.0,95.81528,81.4,605.5,12435.8,9.7,19.3,16.515972,14.4,2.6,1.1201389,0.2,2025,11,9,6,313,False,True,False,False
2025-11-10,99.9,92.94097,84.9,371.2,9185.5,0.4,18.0,15.684722,14.1,2.2,0.80972224,0.0,2025,11,10,0,314,False,True,False,False
2025-11-11,93.8,80.697914,57.3,635.5,17035.7,0.0,20.0,15.866667,12.4,1.6,0.92569447,0.0,2025,11,11,1,315,False,True,False,False
2025-11-12,100.0,79.22361,55.4,700.0,20159.5,15.7,21.5,17.013195,12.5,3.1,1.7347223,0.4,2025,11,12,2,316,False,True,False,False
2025-11-13,100.0,94.642365,69.0,274.0,5395.1,73.1,17.9,15.284028,13.6,5.5,2.7590277,1.1,2025,11,13,3,317,False,True,False,False
2025-11-14,95.6,81.19097,56.2,754.8,23528.4,0.0,18.9,15.232639,12.1,2.5,1.3701389,0.6,2025,11,14,4,318,False,True,False,False
2025-11-15,96.1,79.31597,56.0,713.0,24080.7,0.0,19.2,15.390972,11.9,2.2,1.5222223,0.1,2025,11,15,5,319,False,True,False,False
2025-11-16,100.0,92.428474,83.4,371.7,8275.1,0.8,18.1,15.859028,14.4,2.6,1.2694445,0.4,2025,11,16,6,320,False,True,False,False
2025-11-17,100.0,91.16875,74.4,584.9,13338.2,4.9,17.6,15.2409725,13.5,2.6,1.2388889,0.3,2025,11,17,0,321,False,True,False,False
2025-11-18,100.0,96.33611,85.8,507.2,10475.8,7.7,16.7,14.411111,13.2,2.9,1.2375,0.1,2025,11,18,1,322,False,True,False,False
2025-11-19,99.0,92.40625,74.0,743.8,12034.5,0.6,16.7,14.117361,12.4,2.4,1.0736111,0.0,2025,11,19,2,323,False,True,False,False
2025-11-20,92.8,83.85069,63.5,710.3,16378.2,0.0,17.7,14.044444,11.3,2.7,1.5305556,0.8,2025,11,20,3,324,False,True,False,False
2025-11-21,99.5,88.66944,75.0,292.5,8258.4,5.5,16.0,14.0534725,12.4,2.4,1.3722222,0.3,2025,11,21,4,325,False,True,False,False
2025-11-22,99.9,90.423615,74.0,496.2,10333.1,4.1,17.4,14.128472,11.5,3.6,1.6777778,0.4,2025,11,22,5,326,False,True,False,False
2025-11-23,93.6,63.40486,32.7,682.3,24935.2,0.0,24.4,18.531944,14.3,4.1,2.1541667,0.2,2025,11,23,6,327,False,True,False,False
2025-11-24,66.7,48.37847,35.6,660.3,22560.7,0.0,24.9,20.74375,16.3,2.4,1.1756945,0.2,2025,11,24,0,328,False,True,False,False
2025-11-25,98.0,74.458336,54.6,637.2,21082.6,0.0,21.0,17.088888,13.4,2.0,1.0666667,0.0,2025,11,25,1,329,False,True,False,False
2025-11-26,100.0,91.219444,71.5,698.5,16585.9,6.1,18.0,14.645139,12.2,1.9,0.77847224,0.0,2025,11,26,2,330,False,True,False,False
2025-11-27,99.0,88.60833,72.2,603.4,9386.2,0.1,16.5,14.104167,12.6,2.8,1.2840278,0.1,2025,11,27,3,331,False,True,False,False
2025-11-28,96.3,90.69375,79.5,586.7,12544.8,0.0,16.8,14.0534725,11.9,3.1,1.3541666,0.1,2025,11,28,4,332,False,True,False,False
2025-11-29,98.3,91.78472,80.6,610.7,14072.3,0.0,16.5,14.088195,11.9,3.4,1.2840278,0.1,2025,11,29,5,333,False,True,False,False
2025-11-30,100.0,92.06528,78.5,606.0,14545.9,5.2,16.6,13.777778,11.1,2.5,1.3069445,0.2,2025,11,30,6,334,False,True,False,False
2025-12-01,100.0,93.90486,80.4,553.1,13631.9,4.6,15.6,13.705556,12.1,4.1,1.6694444,0.3,2025,12,1,0,335,True,False,False,False
2025-12-02,96.2,89.35208,82.7,316.4,7472.8,0.2,15.1,13.6027775,12.2,2.1,0.89444447,0.0,2025,12,2,1,336,True,False,False,False
2025-12-03,99.2,90.474304,76.0,585.9,11883.1,2.2,15.9,13.725695,12.0,2.8,1.5388889,0.1,2025,12,3,2,337,True,False,False,False
2025-12-04,93.4,82.39445,72.2,627.8,14776.5,0.1,16.6,13.794444,12.1,3.7,2.2416666,1.1,2025,12,4,3,338,True,False,False,False
2025-12-05,92.9,85.0,74.1,629.3,16469.4,0.0,16.2,13.680555,12.1,3.4,2.0354166,0.7,2025,12,5,4,339,True,False,False,False
2025-12-06,95.3,74.0507,37.6,654.5,22004.2,0.0,18.6,15.046528,13.0,3.8,1.6180556,0.2,2025,12,6,5,340,True,False,False,False
2025-12-07,65.1,41.634724,26.9,640.6,22877.3,0.0,20.8,15.75,12.0,2.4,1.2673612,0.2,2025,12,7,6,341,True,False,False,False
2025-12-08,75.6,51.025696,30.2,640.9,23272.5,0.0,20.1,15.175,10.8,2.6,1.4118055,0.3,2025,12,8,0,342,True,False,False,False
2025-12-09,58.9,43.84722,26.9,730.8,21488.2,0.0,21.1,15.820139,11.9,2.6,1.4666667,0.0,2025,12,9,1,343,True,False,False,False
2025-12-10,99.5,70.722916,32.9,315.0,7795.6,0.9,18.1,14.260417,10.2,2.1,1.1708333,0.1,2025,12,10,2,344,True,False,False,False
2025-12-11,88.8,78.40347,49.7,797.8,18532.7,0.0,17.1,12.891666,8.2,3.1,1.5979167,0.4,2025,12,11,3,345,True,False,False,False
2025-12-12,100.0,88.2375,54.2,398.9,5668.9,25.5,14.0,12.313194,10.6,6.7,3.0215278,0.5,2025,12,12,4,346,True,False,False,False
2025-12-13,100.0,92.138885,75.8,289.0,7204.6,32.1,12.6,10.648611,7.9,7.8,4.297917,1.1,2025,12,13,5,347,True,False,False,False
2025-12-14,100.0,98.781944,94.2,468.4,7388.5,15.8,14.6,12.752778,11.2,3.4,1.89375,0.6,2025,12,14,6,348,True,False,False,False
2025-12-15,100.0,95.49861,71.6,524.9,11828.9,3.0,15.5,13.476389,11.6,2.6,1.325,0.2,2025,12,15,0,349,True,False,False,False
2025-12-16,100.0,95.0375,78.5,617.1,12941.2,12.8,15.2,13.251389,11.6,3.4,1.8104167,0.7,2025,12,16,1,350,True,False,False,False
2025-12-17,100.0,99.390976,92.4,356.1,7498.7,21.6,14.1,12.639584,11.3,3.7,1.8722222,0.6,2025,12,17,2,351,True,False,False,False
2025-12-18,100.0,99.630554,93.1,634.5,8864.8,16.0,15.0,12.889584,11.7,3.0,1.5173612,0.7,2025,12,18,3,352,True,False,False,False
2025-12-19,100.0,92.07014,74.9,498.3,13774.9,3.2,15.8,13.275,11.4,3.3,1.1993055,0.1,2025,12,19,4,353,True,False,False,False
2025-12-20,100.0,91.3,75.4,564.4,10741.1,3.3,14.3,12.138889,10.9,3.1,1.3666667,0.2,2025,12,20,5,354,True,False,False,False
2025-12-21,100.0,91.02292,70.5,636.3,20283.2,5.9,14.6,11.980556,10.4,2.8,1.6819445,0.6,2025,12,21,6,355,True,False,False,False
2025-12-22,100.0,97.60208,91.4,653.3,9460.8,8.8,14.1,12.172916,11.1,3.2,1.4423611,0.1,2025,12,22,0,356,True,False,False,False
2025-12-23,99.1,87.20903,73.6,547.9,15022.6,0.1,14.9,11.98125,8.9,2.8,1.53125,0.3,2025,12,23,1,357,True,False,False,False
2025-12-24,100.0,87.72222,68.1,627.4,16858.4,11.8,14.9,12.663889,11.1,4.7,2.9847221,1.2,2025,12,24,2,358,True,False,False,False
2025-12-25,100.0,95.902084,81.0,655.3,9608.1,16.1,14.3,11.849305,10.7,4.3,1.84375,0.1,2025,12,25,3,359,True,False,False,False
2025-12-26,93.6,85.428474,69.8,734.1,16038.9,0.0,14.8,12.176389,10.0,2.5,1.5118055,0.2,2025,12,26,4,360,True,False,False,False
2025-12-27,99.3,83.65972,64.6,668.1,18815.2,0.5,15.3,12.401389,9.4,3.7,2.351389,1.0,2025,12,27,5,361,True,False,False,False
2025-12-28,100.0,90.615974,74.7,571.0,13809.5,0.9,15.1,12.255555,9.7,2.7,1.3479167,0.0,2025,12,28,6,362,True,False,False,False
2025-12-29,91.4,77.1625,57.4,656.1,24008.2,0.0,16.4,11.958333,7.9,2.2,1.4479166,0.0,2025,12,29,0,363,True,False,False,False
2025-12-30,95.5,82.719444,64.9,650.6,23614.0,0.0,17.3,12.635417,9.4,2.2,1.40625,0.0,2025,12,30,1,364,True,False,False,False
2025-12-31,98.1,85.96736,73.3,667.5,19126.4,0.0,16.9,12.4375,9.3,2.6,1.3756944,0.3,2025,12,31,2,365,True,False,False,False
